name,asked_to_start_date
R-K1-16-1,2024-06-22T23:55:43
R-K1-16-2,2024-06-22T23:55:44
R-K1-16-3,2024-06-22T23:55:44
R-K1-16-4,2024-06-22T23:55:45
R-K1-16-5,2024-06-22T23:55:45
R-K1-16-6,2024-06-22T23:55:46
R-K1-16-7,2024-06-22T23:55:46
R-K1-16-8,2024-06-22T23:55:47
R-K1-16-9,2024-06-22T23:55:47
R-K1-16-10,2024-06-22T23:55:48
R-K1-16-11,2024-06-22T23:55:49
R-K1-16-12,2024-06-22T23:55:49
R-K1-16-13,2024-06-22T23:55:50
R-K1-16-14,2024-06-22T23:55:50
R-K1-16-15,2024-06-22T23:55:51
R-K1-16-16,2024-06-22T23:55:51
